COLNAME,長距離月,通話料月,設備月,カード月,ワイヤレス月
"長距離月",1.000000,0.205399,-0.047662,0.394982,0.063911
"通話料月",0.205399,1.000000,0.053753,0.328561,0.445983
"設備月",-0.047662,0.053753,1.000000,0.037129,0.561136
"カード月",0.394982,0.328561,0.037129,1.000000,0.254277
"ワイヤレス月",0.063911,0.445983,0.561136,0.254277,1.000000
